matchid,matchname,teamhome,teamaway,scorehome,awayhome,result,points_home,points_away
11830,Pool 1 - Preliminary Round - Women,NED,BEL,3,0,"[25, 21, 25, 19, 25, 18]",75,58
11831,Pool 1 - Preliminary Round - Women,TUR,SRB,3,2,"[25, 21, 18, 25, 25, 23, 22, 25, 16, 14]",106,108
11832,Pool 1 - Preliminary Round - Women,GER,RUS,0,3,"[21, 25, 22, 25, 19, 25]",62,75
11833,Pool 1 - Preliminary Round - Women,JPN,THA,3,0,"[25, 15, 25, 17, 25, 16]",75,48
11834,Pool 1 - Preliminary Round - Women,CHN,KOR,3,1,"[23, 25, 25, 19, 25, 19, 25, 18]",98,81
11835,Pool 1 - Preliminary Round - Women,DOM,USA,0,3,"[20, 25, 21, 25, 12, 25]",53,75
11836,Pool 1 - Preliminary Round - Women,ITA,POL,2,3,"[22, 25, 25, 22, 25, 20, 22, 25, 15, 17]",109,109
11837,Pool 1 - Preliminary Round - Women,BRA,CAN,3,1,"[23, 25, 25, 11, 25, 9, 25, 14]",98,59
11838,Pool 1 - Preliminary Round - Women,NED,GER,2,3,"[25, 18, 18, 25, 30, 28, 23, 25, 12, 15]",108,111
11839,Pool 1 - Preliminary Round - Women,THA,KOR,1,3,"[25, 15, 13, 25, 18, 25, 17, 25]",73,90
11840,Pool 1 - Preliminary Round - Women,CHN,JPN,0,3,"[13, 25, 19, 25, 17, 25]",49,75
11841,Pool 1 - Preliminary Round - Women,BEL,RUS,2,3,"[25, 23, 25, 21, 19, 25, 19, 25, 8, 15]",96,109
11842,Pool 1 - Preliminary Round - Women,SRB,POL,3,1,"[20, 25, 25, 17, 25, 16, 25, 21]",95,79
11843,Pool 1 - Preliminary Round - Women,BRA,DOM,3,0,"[25, 20, 25, 13, 25, 17]",75,50
11844,Pool 1 - Preliminary Round - Women,TUR,ITA,3,0,"[25, 13, 25, 23, 25, 16]",75,52
11845,Pool 1 - Preliminary Round - Women,USA,CAN,3,0,"[26, 24, 25, 15, 25, 10]",76,49
11846,Pool 1 - Preliminary Round - Women,GER,BEL,3,0,"[25, 20, 25, 19, 25, 13]",75,52
11847,Pool 1 - Preliminary Round - Women,RUS,NED,1,3,"[14, 25, 22, 25, 25, 23, 20, 25]",81,98
11848,Pool 1 - Preliminary Round - Women,KOR,JPN,0,3,"[18, 25, 18, 25, 25, 27]",61,77
11849,Pool 1 - Preliminary Round - Women,CAN,DOM,1,3,"[17, 25, 24, 26, 30, 28, 16, 25]",87,104
11850,Pool 1 - Preliminary Round - Women,CHN,THA,3,0,"[25, 15, 25, 15, 25, 23]",75,53
11851,Pool 1 - Preliminary Round - Women,POL,TUR,1,3,"[23, 25, 27, 25, 23, 25, 20, 25]",93,100
11852,Pool 1 - Preliminary Round - Women,BRA,USA,1,3,"[17, 25, 19, 25, 25, 23, 22, 25]",83,98
11853,Pool 1 - Preliminary Round - Women,SRB,ITA,3,1,"[25, 18, 23, 25, 26, 24, 25, 20]",99,87
11700,Pool 1 - Preliminary Round - Men,FRA,BUL,3,0,"[27, 25, 25, 21, 25, 23]",77,69
11701,Pool 1 - Preliminary Round - Men,GER,AUS,3,0,"[25, 19, 25, 18, 25, 16]",75,53
11702,Pool 1 - Preliminary Round - Men,JPN,IRI,3,0,"[25, 19, 25, 22, 26, 24]",76,65
11703,Pool 1 - Preliminary Round - Men,SRB,SLO,3,1,"[22, 25, 25, 18, 36, 34, 25, 18]",108,95
11704,Pool 1 - Preliminary Round - Men,NED,RUS,1,3,"[19, 25, 22, 25, 25, 18, 20, 25]",86,93
11705,Pool 1 - Preliminary Round - Men,USA,CAN,3,0,"[25, 17, 26, 24, 25, 20]",76,61
11706,Pool 1 - Preliminary Round - Men,POL,ITA,3,0,"[25, 19, 25, 20, 25, 18]",75,57
11707,Pool 1 - Preliminary Round - Men,BRA,ARG,3,0,"[31, 29, 26, 24, 25, 16]",82,69
11708,Pool 1 - Preliminary Round - Men,GER,FRA,2,3,"[25, 22, 22, 25, 25, 22, 16, 25, 15, 17]",103,111
11709,Pool 1 - Preliminary Round - Men,IRI,RUS,1,3,"[17, 25, 25, 20, 20, 25, 17, 25]",79,95
11710,Pool 1 - Preliminary Round - Men,NED,JPN,2,3,"[25, 22, 25, 23, 22, 25, 17, 25, 8, 15]",97,110
11711,Pool 1 - Preliminary Round - Men,AUS,BUL,0,3,"[21, 25, 20, 25, 20, 25]",61,75
11712,Pool 1 - Preliminary Round - Men,POL,SRB,3,1,"[26, 24, 25, 19, 21, 25, 25, 15]",97,83
11713,Pool 1 - Preliminary Round - Men,ITA,SLO,0,3,"[23, 25, 19, 25, 15, 25]",57,75
11714,Pool 1 - Preliminary Round - Men,ARG,CAN,0,3,"[17, 25, 21, 25, 17, 25]",55,75
11715,Pool 1 - Preliminary Round - Men,USA,BRA,0,3,"[22, 25, 23, 25, 19, 25]",64,75
11716,Pool 1 - Preliminary Round - Men,AUS,FRA,1,3,"[26, 28, 25, 20, 14, 25, 23, 25]",88,98
11717,Pool 1 - Preliminary Round - Men,NED,IRI,0,3,"[18, 25, 23, 25, 28, 30]",69,80
11718,Pool 1 - Preliminary Round - Men,GER,BUL,3,2,"[19, 25, 25, 21, 22, 25, 30, 28, 15, 11]",111,110
11719,Pool 1 - Preliminary Round - Men,RUS,JPN,2,3,"[26, 28, 28, 26, 25, 20, 21, 25, 14, 16]",114,115
11720,Pool 1 - Preliminary Round - Men,USA,ARG,3,1,"[23, 25, 25, 21, 25, 15, 25, 19]",98,80
11721,Pool 1 - Preliminary Round - Men,CAN,BRA,1,3,"[17, 25, 20, 25, 25, 22, 25, 27]",87,99
11722,Pool 1 - Preliminary Round - Men,POL,SLO,1,3,"[22, 25, 25, 23, 19, 25, 23, 25]",89,98
11723,Pool 1 - Preliminary Round - Men,SRB,ITA,3,1,"[25, 23, 22, 25, 25, 22, 25, 18]",97,88
11854,Pool 2 - Preliminary Round - Women,THA,NED,0,3,"[20, 25, 9, 25, 18, 25]",47,75
11855,Pool 2 - Preliminary Round - Women,BEL,DOM,3,2,"[31, 33, 19, 25, 25, 20, 25, 16, 15, 11]",115,105
11856,Pool 2 - Preliminary Round - Women,CHN,GER,3,2,"[20, 25, 19, 25, 27, 25, 25, 21, 15, 9]",106,105
11857,Pool 2 - Preliminary Round - Women,BRA,JPN,3,0,"[25, 15, 25, 19, 25, 21]",75,55
11858,Pool 2 - Preliminary Round - Women,CAN,TUR,2,3,"[23, 25, 25, 19, 25, 22, 23, 25, 12, 15]",108,106
11859,Pool 2 - Preliminary Round - Women,KOR,POL,0,3,"[15, 25, 20, 25, 22, 25]",57,75
11860,Pool 2 - Preliminary Round - Women,SRB,USA,0,3,"[20, 25, 16, 25, 12, 25]",48,75
11861,Pool 2 - Preliminary Round - Women,RUS,ITA,3,0,"[26, 24, 25, 23, 27, 25]",78,72
11862,Pool 2 - Preliminary Round - Women,TUR,GER,3,0,"[25, 20, 25, 20, 25, 22]",75,62
11863,Pool 2 - Preliminary Round - Women,DOM,KOR,3,0,"[25, 23, 28, 26, 25, 18]",78,67
11864,Pool 2 - Preliminary Round - Women,BEL,POL,3,2,"[25, 15, 17, 25, 25, 19, 22, 25, 15, 12]",104,96
11865,Pool 2 - Preliminary Round - Women,SRB,THA,3,0,"[25, 19, 25, 23, 25, 23]",75,65
11866,Pool 2 - Preliminary Round - Women,CHN,CAN,2,3,"[22, 25, 25, 21, 17, 25, 25, 15, 12, 15]",101,101
11867,Pool 2 - Preliminary Round - Women,USA,NED,3,0,"[25, 22, 25, 15, 25, 18]",75,55
11868,Pool 2 - Preliminary Round - Women,ITA,JPN,2,3,"[25, 27, 19, 25, 25, 16, 25, 21, 13, 15]",107,104
11869,Pool 2 - Preliminary Round - Women,BRA,RUS,3,0,"[25, 20, 25, 11, 25, 18]",75,49
11870,Pool 2 - Preliminary Round - Women,BEL,KOR,3,2,"[23, 25, 25, 23, 25, 16, 19, 25, 15, 12]",107,101
11871,Pool 2 - Preliminary Round - Women,THA,USA,0,3,"[17, 25, 14, 25, 16, 25]",47,75
11872,Pool 2 - Preliminary Round - Women,GER,CAN,0,3,"[28, 30, 25, 27, 14, 25]",67,82
11873,Pool 2 - Preliminary Round - Women,JPN,RUS,3,0,"[25, 20, 25, 21, 25, 21]",75,62
11874,Pool 2 - Preliminary Round - Women,CHN,TUR,0,3,"[15, 25, 23, 25, 21, 25]",59,75
11875,Pool 2 - Preliminary Round - Women,POL,DOM,1,3,"[25, 22, 22, 25, 26, 28, 21, 25]",94,100
11876,Pool 2 - Preliminary Round - Women,NED,SRB,3,1,"[25, 22, 25, 16, 18, 25, 25, 21]",93,84
11877,Pool 2 - Preliminary Round - Women,BRA,ITA,3,1,"[19, 25, 25, 15, 25, 19, 25, 19]",94,78
11724,Pool 2 - Preliminary Round - Men,GER,ARG,2,3,"[19, 25, 25, 23, 25, 17, 23, 25, 13, 15]",105,105
11725,Pool 2 - Preliminary Round - Men,IRI,CAN,3,1,"[22, 25, 25, 22, 25, 22, 25, 22]",97,91
11726,Pool 2 - Preliminary Round - Men,JPN,SRB,1,3,"[25, 18, 23, 25, 22, 25, 13, 25]",83,93
11727,Pool 2 - Preliminary Round - Men,BRA,FRA,0,3,"[37, 39, 18, 25, 28, 30]",83,94
11728,Pool 2 - Preliminary Round - Men,NED,SLO,0,3,"[18, 25, 15, 25, 18, 25]",51,75
11729,Pool 2 - Preliminary Round - Men,AUS,POL,0,3,"[16, 25, 10, 25, 12, 25]",38,75
11730,Pool 2 - Preliminary Round - Men,ITA,BUL,3,2,"[25, 19, 20, 25, 25, 13, 23, 25, 15, 12]",108,94
11731,Pool 2 - Preliminary Round - Men,RUS,USA,3,1,"[25, 22, 25, 19, 17, 25, 25, 19]",92,85
11732,Pool 2 - Preliminary Round - Men,ARG,SLO,0,3,"[19, 25, 22, 25, 18, 25]",59,75
11733,Pool 2 - Preliminary Round - Men,NED,GER,3,2,"[25, 18, 23, 25, 25, 20, 23, 25, 15, 13]",111,101
11734,Pool 2 - Preliminary Round - Men,BRA,JPN,3,0,"[25, 20, 25, 16, 25, 20]",75,56
11735,Pool 2 - Preliminary Round - Men,SRB,FRA,3,2,"[22, 25, 24, 26, 25, 22, 25, 23, 15, 9]",111,105
11736,Pool 2 - Preliminary Round - Men,IRI,ITA,3,1,"[26, 24, 29, 27, 21, 25, 25, 22]",101,98
11737,Pool 2 - Preliminary Round - Men,POL,USA,3,0,"[25, 17, 28, 26, 25, 17]",78,60
11738,Pool 2 - Preliminary Round - Men,RUS,AUS,3,0,"[25, 19, 26, 24, 25, 21]",76,64
11739,Pool 2 - Preliminary Round - Men,CAN,BUL,3,0,"[28, 26, 25, 23, 25, 16]",78,65
11740,Pool 2 - Preliminary Round - Men,NED,ARG,0,3,"[19, 25, 20, 25, 23, 25]",62,75
11741,Pool 2 - Preliminary Round - Men,SLO,GER,1,3,"[25, 19, 20, 25, 21, 25, 20, 25]",86,94
11742,Pool 2 - Preliminary Round - Men,FRA,JPN,3,2,"[21, 25, 25, 22, 24, 26, 25, 21, 15, 11]",110,105
11743,Pool 2 - Preliminary Round - Men,BRA,SRB,3,1,"[23, 25, 25, 23, 25, 15, 25, 22]",98,85
11744,Pool 2 - Preliminary Round - Men,RUS,POL,1,3,"[25, 21, 19, 25, 19, 25, 14, 25]",77,96
11745,Pool 2 - Preliminary Round - Men,USA,AUS,3,0,"[25, 23, 25, 20, 25, 17]",75,60
11746,Pool 2 - Preliminary Round - Men,BUL,IRI,0,3,"[20, 25, 31, 33, 22, 25]",73,83
11747,Pool 2 - Preliminary Round - Men,CAN,ITA,2,3,"[19, 25, 21, 25, 25, 21, 28, 26, 11, 15]",104,112
11878,Pool 3 - Preliminary Round - Women,CHN,BEL,2,3,"[25, 17, 25, 27, 25, 23, 21, 25, 8, 15]",104,107
11879,Pool 3 - Preliminary Round - Women,JPN,NED,0,3,"[22, 25, 20, 25, 23, 25]",65,75
11880,Pool 3 - Preliminary Round - Women,TUR,THA,3,1,"[23, 25, 25, 12, 25, 20, 25, 9]",98,66
11881,Pool 3 - Preliminary Round - Women,DOM,RUS,2,3,"[18, 25, 25, 21, 20, 25, 25, 22, 8, 15]",96,108
11882,Pool 3 - Preliminary Round - Women,BRA,SRB,3,0,"[25, 12, 25, 14, 25, 13]",75,39
11883,Pool 3 - Preliminary Round - Women,CAN,POL,2,3,"[25, 22, 25, 21, 21, 25, 17, 25, 7, 15]",95,108
11884,Pool 3 - Preliminary Round - Women,ITA,KOR,3,1,"[27, 25, 23, 25, 25, 22, 25, 20]",100,92
11885,Pool 3 - Preliminary Round - Women,GER,USA,0,3,"[23, 25, 13, 25, 13, 25]",49,75
11886,Pool 3 - Preliminary Round - Women,RUS,THA,3,1,"[25, 14, 18, 25, 25, 14, 25, 20]",93,73
11887,Pool 3 - Preliminary Round - Women,TUR,DOM,1,3,"[22, 25, 21, 25, 25, 23, 17, 25]",85,98
11888,Pool 3 - Preliminary Round - Women,CAN,JPN,0,3,"[16, 25, 15, 25, 15, 25]",46,75
11889,Pool 3 - Preliminary Round - Women,CHN,SRB,1,3,"[22, 25, 18, 25, 25, 19, 22, 25]",87,94
11890,Pool 3 - Preliminary Round - Women,KOR,USA,0,3,"[16, 25, 12, 25, 15, 25]",43,75
11891,Pool 3 - Preliminary Round - Women,POL,NED,2,3,"[25, 21, 23, 25, 25, 22, 21, 25, 9, 15]",103,108
11892,Pool 3 - Preliminary Round - Women,GER,ITA,0,3,"[21, 25, 19, 25, 11, 25]",51,75
11893,Pool 3 - Preliminary Round - Women,BEL,BRA,0,3,"[18, 25, 16, 25, 17, 25]",51,75
11894,Pool 3 - Preliminary Round - Women,THA,DOM,0,3,"[16, 25, 17, 25, 23, 25]",56,75
11895,Pool 3 - Preliminary Round - Women,TUR,RUS,3,2,"[25, 22, 22, 25, 25, 18, 18, 25, 15, 7]",105,97
11896,Pool 3 - Preliminary Round - Women,CAN,NED,0,3,"[19, 25, 12, 25, 21, 25]",52,75
11897,Pool 3 - Preliminary Round - Women,JPN,POL,3,2,"[22, 25, 22, 25, 25, 22, 25, 23, 16, 14]",110,109
11898,Pool 3 - Preliminary Round - Women,CHN,BRA,3,2,"[18, 25, 25, 22, 25, 20, 14, 25, 15, 12]",97,104
11899,Pool 3 - Preliminary Round - Women,GER,KOR,3,0,"[25, 12, 25, 21, 25, 22]",75,55
11900,Pool 3 - Preliminary Round - Women,BEL,SRB,3,2,"[23, 25, 26, 24, 25, 21, 23, 25, 15, 10]",112,105
11901,Pool 3 - Preliminary Round - Women,ITA,USA,1,3,"[18, 25, 21, 25, 25, 20, 16, 25]",80,95
11748,Pool 3 - Preliminary Round - Men,SRB,GER,3,1,"[19, 25, 25, 22, 25, 18, 25, 15]",94,80
11749,Pool 3 - Preliminary Round - Men,JPN,AUS,3,1,"[25, 18, 21, 25, 28, 26, 26, 24]",100,93
11750,Pool 3 - Preliminary Round - Men,FRA,RUS,3,1,"[22, 25, 25, 18, 30, 28, 25, 19]",102,90
11751,Pool 3 - Preliminary Round - Men,SLO,CAN,3,0,"[25, 22, 25, 19, 25, 22]",75,63
11752,Pool 3 - Preliminary Round - Men,ARG,ITA,0,3,"[28, 30, 21, 25, 20, 25]",69,80
11753,Pool 3 - Preliminary Round - Men,IRI,USA,3,0,"[25, 19, 25, 23, 25, 23]",75,65
11754,Pool 3 - Preliminary Round - Men,POL,BUL,3,0,"[25, 19, 25, 15, 25, 12]",75,46
11755,Pool 3 - Preliminary Round - Men,NED,BRA,0,3,"[19, 25, 22, 25, 25, 27]",66,77
11756,Pool 3 - Preliminary Round - Men,SRB,IRI,3,2,"[21, 25, 25, 15, 26, 28, 25, 22, 15, 8]",112,98
11757,Pool 3 - Preliminary Round - Men,RUS,CAN,3,1,"[25, 18, 25, 18, 23, 25, 25, 23]",98,84
11758,Pool 3 - Preliminary Round - Men,FRA,SLO,2,3,"[25, 17, 25, 19, 23, 25, 19, 25, 9, 15]",101,101
11759,Pool 3 - Preliminary Round - Men,ARG,AUS,3,0,"[25, 18, 25, 19, 25, 20]",75,57
11760,Pool 3 - Preliminary Round - Men,GER,USA,0,3,"[12, 25, 18, 25, 27, 29]",57,79
11761,Pool 3 - Preliminary Round - Men,BUL,BRA,0,3,"[16, 25, 22, 25, 12, 25]",50,75
11762,Pool 3 - Preliminary Round - Men,JPN,ITA,3,2,"[21, 25, 25, 22, 22, 25, 25, 15, 15, 9]",108,96
11763,Pool 3 - Preliminary Round - Men,POL,NED,3,0,"[25, 14, 25, 17, 25, 16]",75,47
11764,Pool 3 - Preliminary Round - Men,IRI,GER,2,3,"[25, 23, 20, 25, 19, 25, 25, 19, 13, 15]",102,107
11765,Pool 3 - Preliminary Round - Men,SLO,RUS,3,2,"[19, 25, 25, 23, 22, 25, 25, 20, 15, 8]",106,101
11766,Pool 3 - Preliminary Round - Men,JPN,ARG,1,3,"[32, 30, 16, 25, 18, 25, 21, 25]",87,105
11767,Pool 3 - Preliminary Round - Men,NED,BUL,2,3,"[18, 25, 25, 18, 25, 17, 22, 25, 13, 15]",103,100
11768,Pool 3 - Preliminary Round - Men,AUS,ITA,0,3,"[20, 25, 22, 25, 14, 25]",56,75
11769,Pool 3 - Preliminary Round - Men,USA,SRB,1,3,"[23, 25, 17, 25, 25, 19, 25, 27]",90,96
11770,Pool 3 - Preliminary Round - Men,CAN,FRA,1,3,"[25, 20, 21, 25, 22, 25, 17, 25]",85,95
11771,Pool 3 - Preliminary Round - Men,POL,BRA,0,3,"[17, 25, 26, 28, 19, 25]",62,78
11902,Pool 4 - Preliminary Round - Women,RUS,KOR,3,0,"[25, 23, 25, 17, 25, 17]",75,57
11903,Pool 4 - Preliminary Round - Women,THA,GER,3,1,"[24, 26, 25, 21, 25, 21, 25, 16]",99,84
11904,Pool 4 - Preliminary Round - Women,JPN,TUR,3,1,"[25, 17, 25, 20, 17, 25, 25, 19]",92,81
11905,Pool 4 - Preliminary Round - Women,USA,BEL,3,0,"[25, 9, 26, 24, 25, 20]",76,53
11906,Pool 4 - Preliminary Round - Women,CHN,NED,3,0,"[25, 12, 25, 18, 33, 31]",83,61
11907,Pool 4 - Preliminary Round - Women,CAN,SRB,3,1,"[25, 21, 22, 25, 25, 21, 25, 18]",97,85
11908,Pool 4 - Preliminary Round - Women,DOM,ITA,3,1,"[25, 21, 25, 19, 22, 25, 26, 24]",98,89
11909,Pool 4 - Preliminary Round - Women,POL,BRA,0,3,"[22, 25, 20, 25, 23, 25]",65,75
11910,Pool 4 - Preliminary Round - Women,TUR,BEL,3,0,"[25, 20, 25, 17, 25, 19]",75,56
11911,Pool 4 - Preliminary Round - Women,USA,JPN,3,0,"[25, 23, 26, 24, 25, 20]",76,67
11912,Pool 4 - Preliminary Round - Women,ITA,NED,2,3,"[21, 25, 28, 26, 25, 20, 21, 25, 10, 15]",105,111
11913,Pool 4 - Preliminary Round - Women,DOM,CHN,1,3,"[14, 25, 20, 25, 25, 19, 22, 25]",81,94
11914,Pool 4 - Preliminary Round - Women,RUS,CAN,3,0,"[25, 15, 25, 12, 25, 14]",75,41
11915,Pool 4 - Preliminary Round - Women,KOR,SRB,3,1,"[25, 13, 23, 25, 25, 13, 25, 23]",98,74
11916,Pool 4 - Preliminary Round - Women,THA,POL,0,3,"[23, 25, 15, 25, 20, 25]",58,75
11917,Pool 4 - Preliminary Round - Women,GER,BRA,1,3,"[25, 22, 17, 25, 21, 25, 22, 25]",85,97
11918,Pool 4 - Preliminary Round - Women,BEL,JPN,1,3,"[25, 23, 22, 25, 21, 25, 21, 25]",89,98
11919,Pool 4 - Preliminary Round - Women,RUS,SRB,3,0,"[25, 8, 25, 17, 25, 23]",75,48
11920,Pool 4 - Preliminary Round - Women,NED,DOM,1,3,"[23, 25, 25, 23, 28, 30, 22, 25]",98,103
11921,Pool 4 - Preliminary Round - Women,GER,POL,3,0,"[25, 23, 25, 20, 25, 23]",75,66
11922,Pool 4 - Preliminary Round - Women,CHN,ITA,3,0,"[25, 19, 25, 11, 25, 19]",75,49
11923,Pool 4 - Preliminary Round - Women,KOR,CAN,3,2,"[15, 25, 25, 18, 27, 29, 25, 20, 21, 19]",113,111
11924,Pool 4 - Preliminary Round - Women,BRA,THA,3,0,"[25, 11, 25, 14, 25, 10]",75,35
11925,Pool 4 - Preliminary Round - Women,USA,TUR,3,1,"[25, 21, 23, 25, 25, 15, 25, 14]",98,75
11772,Pool 4 - Preliminary Round - Men,RUS,SRB,3,1,"[25, 23, 25, 22, 22, 25, 25, 21]",97,91
11773,Pool 4 - Preliminary Round - Men,IRI,AUS,2,3,"[23, 25, 22, 25, 25, 23, 25, 18, 12, 15]",107,106
11774,Pool 4 - Preliminary Round - Men,ARG,BUL,3,1,"[25, 20, 16, 25, 25, 18, 25, 18]",91,81
11775,Pool 4 - Preliminary Round - Men,JPN,GER,3,0,"[25, 18, 25, 22, 25, 20]",75,60
11776,Pool 4 - Preliminary Round - Men,ITA,USA,0,3,"[15, 25, 18, 25, 21, 25]",54,75
11777,Pool 4 - Preliminary Round - Men,CAN,POL,0,3,"[22, 25, 23, 25, 19, 25]",64,75
11778,Pool 4 - Preliminary Round - Men,BRA,SLO,3,2,"[15, 25, 25, 22, 19, 25, 25, 13, 15, 12]",99,97
11779,Pool 4 - Preliminary Round - Men,NED,FRA,3,2,"[15, 25, 22, 25, 28, 26, 25, 23, 19, 17]",109,116
11780,Pool 4 - Preliminary Round - Men,ARG,RUS,1,3,"[19, 25, 23, 25, 25, 21, 19, 25]",86,96
11781,Pool 4 - Preliminary Round - Men,SRB,BUL,3,0,"[25, 20, 25, 17, 25, 17]",75,54
11782,Pool 4 - Preliminary Round - Men,SLO,AUS,3,1,"[18, 25, 25, 18, 25, 18, 25, 17]",93,78
11783,Pool 4 - Preliminary Round - Men,JPN,POL,0,3,"[14, 25, 18, 25, 19, 25]",51,75
11784,Pool 4 - Preliminary Round - Men,NED,ITA,1,3,"[19, 25, 23, 25, 25, 23, 21, 25]",88,98
11785,Pool 4 - Preliminary Round - Men,CAN,GER,3,0,"[25, 17, 26, 24, 25, 21]",76,62
11786,Pool 4 - Preliminary Round - Men,USA,FRA,1,3,"[23, 25, 25, 22, 29, 31, 22, 25]",99,103
11787,Pool 4 - Preliminary Round - Men,IRI,BRA,1,3,"[19, 25, 25, 23, 19, 25, 21, 25]",84,98
11788,Pool 4 - Preliminary Round - Men,ARG,SRB,3,0,"[27, 25, 25, 20, 26, 24]",78,69
11789,Pool 4 - Preliminary Round - Men,BUL,RUS,0,3,"[17, 25, 22, 25, 17, 25]",56,75
11790,Pool 4 - Preliminary Round - Men,JPN,CAN,0,3,"[22, 25, 23, 25, 18, 25]",63,75
11791,Pool 4 - Preliminary Round - Men,AUS,BRA,0,3,"[17, 25, 22, 25, 12, 25]",51,75
11792,Pool 4 - Preliminary Round - Men,IRI,SLO,1,3,"[25, 14, 20, 25, 19, 25, 30, 32]",94,96
11793,Pool 4 - Preliminary Round - Men,NED,USA,2,3,"[25, 21, 17, 25, 25, 23, 15, 25, 13, 15]",95,109
11794,Pool 4 - Preliminary Round - Men,FRA,ITA,2,3,"[19, 25, 25, 22, 20, 25, 25, 21, 12, 15]",101,108
11795,Pool 4 - Preliminary Round - Men,GER,POL,0,3,"[22, 25, 19, 25, 20, 25]",61,75
11926,Pool 5 - Preliminary Round - Women,GER,SRB,3,0,"[25, 23, 25, 16, 25, 21]",75,60
11927,Pool 5 - Preliminary Round - Women,JPN,DOM,3,2,"[18, 25, 24, 26, 25, 22, 25, 15, 15, 11]",107,99
11928,Pool 5 - Preliminary Round - Women,THA,BEL,1,3,"[23, 25, 24, 26, 25, 23, 15, 25]",87,99
11929,Pool 5 - Preliminary Round - Women,KOR,BRA,0,3,"[18, 25, 23, 25, 18, 25]",59,75
11930,Pool 5 - Preliminary Round - Women,CHN,RUS,3,0,"[25, 18, 25, 23, 25, 16]",75,57
11931,Pool 5 - Preliminary Round - Women,POL,USA,0,3,"[27, 29, 27, 29, 14, 25]",68,83
11932,Pool 5 - Preliminary Round - Women,CAN,ITA,0,3,"[18, 25, 20, 25, 20, 25]",58,75
11933,Pool 5 - Preliminary Round - Women,TUR,NED,3,0,"[27, 25, 25, 20, 25, 20]",77,65
11934,Pool 5 - Preliminary Round - Women,DOM,SRB,3,0,"[25, 14, 25, 20, 25, 18]",75,52
11935,Pool 5 - Preliminary Round - Women,USA,RUS,3,1,"[25, 21, 25, 27, 25, 23, 25, 15]",100,86
11936,Pool 5 - Preliminary Round - Women,JPN,GER,3,1,"[25, 23, 19, 25, 26, 24, 25, 15]",95,87
11937,Pool 5 - Preliminary Round - Women,THA,CAN,3,0,"[25, 16, 25, 17, 25, 17]",75,50
11938,Pool 5 - Preliminary Round - Women,CHN,POL,3,0,"[26, 24, 25, 22, 25, 16]",76,62
11939,Pool 5 - Preliminary Round - Women,KOR,TUR,1,3,"[23, 25, 25, 20, 17, 25, 18, 25]",83,95
11940,Pool 5 - Preliminary Round - Women,BRA,NED,3,0,"[25, 19, 25, 19, 25, 20]",75,58
11941,Pool 5 - Preliminary Round - Women,BEL,ITA,3,2,"[25, 17, 20, 25, 22, 25, 25, 17, 15, 10]",107,94
11942,Pool 5 - Preliminary Round - Women,DOM,GER,3,2,"[25, 21, 25, 22, 14, 25, 25, 27, 15, 9]",104,104
11943,Pool 5 - Preliminary Round - Women,CHN,USA,3,0,"[25, 10, 25, 20, 25, 17]",75,47
11944,Pool 5 - Preliminary Round - Women,THA,ITA,1,3,"[35, 33, 21, 25, 25, 27, 20, 25]",101,110
11945,Pool 5 - Preliminary Round - Women,JPN,SRB,3,0,"[25, 12, 25, 22, 25, 15]",75,49
11946,Pool 5 - Preliminary Round - Women,RUS,POL,2,3,"[17, 25, 25, 20, 16, 25, 25, 22, 7, 15]",90,107
11947,Pool 5 - Preliminary Round - Women,KOR,NED,2,3,"[20, 25, 25, 23, 18, 25, 25, 22, 12, 15]",100,110
11948,Pool 5 - Preliminary Round - Women,BEL,CAN,3,0,"[26, 24, 25, 17, 25, 17]",76,58
11949,Pool 5 - Preliminary Round - Women,BRA,TUR,3,1,"[25, 18, 25, 16, 25, 27, 25, 15]",100,76
11796,Pool 5 - Preliminary Round - Men,AUS,SRB,1,3,"[16, 25, 13, 25, 25, 19, 15, 25]",69,94
11797,Pool 5 - Preliminary Round - Men,JPN,BUL,3,0,"[25, 23, 25, 18, 25, 14]",75,55
11798,Pool 5 - Preliminary Round - Men,FRA,IRI,3,0,"[25, 21, 25, 21, 25, 19]",75,61
11799,Pool 5 - Preliminary Round - Men,CAN,NED,3,0,"[25, 16, 25, 16, 25, 19]",75,51
11800,Pool 5 - Preliminary Round - Men,BRA,ITA,3,1,"[25, 19, 32, 30, 22, 25, 25, 20]",104,94
11801,Pool 5 - Preliminary Round - Men,SLO,USA,3,2,"[28, 30, 25, 19, 21, 25, 28, 26, 15, 13]",117,113
11802,Pool 5 - Preliminary Round - Men,POL,ARG,3,0,"[25, 21, 25, 22, 25, 18]",75,61
11803,Pool 5 - Preliminary Round - Men,GER,RUS,1,3,"[18, 25, 18, 25, 25, 23, 15, 25]",76,98
11804,Pool 5 - Preliminary Round - Men,CAN,AUS,3,0,"[25, 17, 25, 8, 25, 20]",75,45
11805,Pool 5 - Preliminary Round - Men,SRB,NED,3,2,"[25, 21, 21, 25, 25, 18, 21, 25, 17, 15]",109,104
11806,Pool 5 - Preliminary Round - Men,BUL,USA,0,3,"[19, 25, 24, 26, 9, 25]",52,76
11807,Pool 5 - Preliminary Round - Men,IRI,POL,0,3,"[20, 25, 20, 25, 16, 25]",56,75
11808,Pool 5 - Preliminary Round - Men,JPN,SLO,0,3,"[16, 25, 16, 25, 26, 28]",58,78
11809,Pool 5 - Preliminary Round - Men,FRA,ARG,3,0,"[26, 24, 25, 21, 25, 22]",76,67
11810,Pool 5 - Preliminary Round - Men,BRA,GER,3,0,"[25, 21, 25, 21, 25, 23]",75,65
11811,Pool 5 - Preliminary Round - Men,RUS,ITA,3,2,"[25, 21, 16, 25, 25, 17, 19, 25, 15, 12]",100,100
11812,Pool 5 - Preliminary Round - Men,AUS,NED,0,3,"[23, 25, 19, 25, 19, 25]",61,75
11813,Pool 5 - Preliminary Round - Men,CAN,SRB,3,2,"[17, 25, 21, 25, 25, 17, 25, 20, 17, 15]",105,102
11814,Pool 5 - Preliminary Round - Men,USA,JPN,3,0,"[25, 21, 25, 23, 25, 20]",75,64
11815,Pool 5 - Preliminary Round - Men,FRA,POL,3,2,"[25, 22, 21, 25, 22, 25, 25, 20, 15, 11]",108,103
11816,Pool 5 - Preliminary Round - Men,IRI,ARG,1,3,"[31, 33, 23, 25, 32, 30, 18, 25]",104,113
11817,Pool 5 - Preliminary Round - Men,SLO,BUL,3,0,"[25, 23, 25, 16, 25, 18]",75,57
11818,Pool 5 - Preliminary Round - Men,ITA,GER,3,2,"[25, 12, 24, 26, 25, 22, 21, 25, 15, 13]",110,98
11819,Pool 5 - Preliminary Round - Men,BRA,RUS,0,3,"[21, 25, 26, 28, 20, 25]",67,78
11950,Semifinals - Final Round - Women,BRA,JPN,3,1,"[25, 15, 25, 23, 29, 31, 25, 16]",104,85
11951,Semifinals - Final Round - Women,USA,TUR,3,0,"[25, 21, 25, 23, 25, 20]",75,64
11952,Final 3-4 - Final Round - Women,JPN,TUR,0,3,"[19, 25, 16, 25, 17, 25]",52,75
11953,Final 1-2 - Final Round - Women,BRA,USA,1,3,"[28, 26, 23, 25, 23, 25, 21, 25]",95,101
11820,Semifinals - Final Round - Men,BRA,FRA,3,0,"[25, 20, 25, 18, 25, 19]",75,57
11821,Semifinals - Final Round - Men,POL,SLO,3,0,"[25, 22, 25, 21, 25, 23]",75,66
11822,Final 3-4 - Final Round - Men,FRA,SLO,3,0,"[25, 20, 25, 18, 25, 19]",75,57
11823,Final 1-2 - Final Round - Men,BRA,POL,3,1,"[22, 25, 25, 23, 25, 16, 25, 14]",97,78
